Data_Hora;Modelo;Pergunta;Resposta_Gerada;Contexto_Recuperado;Tempo_Inferência_Segundos;RAM_Usada_GB;VRAM_GPU_GB;Qtd_Palavras;Qtd_Caracteres;Avaliacao_Humana_Fidelidade (1-5);Avaliacao_Humana_Eficacia (1-5);Observacoes_Humano
2026-09-02 22:38:16;llama3;Quais são as principais músicas e áudios em alta nos vídeos?;"As principais músicas e áudios em alta nos vídeos são:

* ""Tá Escrito - Ao Vivo"" de Caetano Veloso e família, mencionada como o ""hino"" e a ""oração"" da apresentadora;
* ""Brasil pandeiro"" dos Novos;
* Músicas não especificadas, mencionadas como ""4 músicas que melhoram meu humor instantaneamente"" pela apresentadora.

Essas músicas e áudios são mencionadas como favoritas da apresentadora e são exibidas brevemente sobre seu rosto no vídeo.";"traduzindo o conteúdo lírico. O público-alvo são fãs de música sertaneja, especialmente aqueles que apreciam baladas românticas e apresentações ao vivo. O apelo viral reside na entrega emocional do cantor e nas letras sentimentais, que são facilmente relacionáveis. A qualidade da produção e a energia do palco ajudam a capturar a atenção, incentivando a visualização completa. O conteúdo não tem uma associação sazonal específica, sendo relevante para eventos musicais durante todo o ano. A

---

no humor e na referência a um tema popular, capturando a atenção com a curiosidade gerada pelo comentário sobreposto e a interação divertida dos apresentadores. A contextualização com a menção aos ""ex bbb's"" sugere que o vídeo pode ter sido postado durante ou logo após uma temporada do programa, geralmente no início do ano. A relevância e capacidade de viralização são altas devido ao engajamento de fãs e à natureza compartilhável do conteúdo. Não tem grupo dos eternes no whatsapp, Milena?\nNão,

---

bastante, enquanto compartilha suas quatro músicas favoritas que instantaneamente melhoram seu humor. O vídeo se inicia com o texto sobreposto ""4 músicas que melhoram meu humor instantaneamente"". Para cada música, a capa do álbum e o nome da canção são exibidos brevemente sobre seu rosto. Ela menciona as seguintes músicas: ""Tá Escrito - Ao Vivo"" de Caetano Veloso e família, que ela descreve como seu ""hino"" e sua ""oração"", expressando até ciúmes de compartilhar; ""Brasil pandeiro"" dos Novos

---

o vídeo seja compartilhado. O vídeo não apresenta contexto de tempo do ano, mas o conteúdo é atemporal em sua crítica política. O apelo viral reside na controvérsia das acusações de má gestão de fundos públicos, o uso da cultura para fins políticos e a hipocrisia em relação às pautas identitárias, elementos que ressoam fortemente com um público engajado em debates políticos e sociais. Ceylandia no DF, favela e show de MC Mello de tudo nesse vídeo se prepara que você vai ficar chocado.\nPois é,";13.16;N/A;N/A;69;438;;;
2026-09-02 22:38:28;llama3;Qual é o vídeo com o maior número de visualizações registrado?;O vídeo com o maior número de visualizações registrado é o compartilhado pela apresentadora, que alcançou mais de 4 milhões de visualizações.;"no humor e na referência a um tema popular, capturando a atenção com a curiosidade gerada pelo comentário sobreposto e a interação divertida dos apresentadores. A contextualização com a menção aos ""ex bbb's"" sugere que o vídeo pode ter sido postado durante ou logo após uma temporada do programa, geralmente no início do ano. A relevância e capacidade de viralização são altas devido ao engajamento de fãs e à natureza compartilhável do conteúdo. Não tem grupo dos eternes no whatsapp, Milena?\nNão,

---

Comparação de jogadoras de vôlei no formato ""Quem é Melhor?"", onde uma mulher escolhe repetidamente Carol Gattaz em diversas rodadas, exceto na última, quando surpreendentemente opta por Regla Torres. O vídeo utiliza elementos visuais interativos, como banners e marcas de seleção, para engajar o público. O formato dinâmico e a interação incentivam debates entre fãs de vôlei, potencializando o apelo viral.

---

ao compartilhar seu sucesso. O vídeo é altamente relevante para o contexto do TikTok, pois aborda um tema constante de interesse: como viralizar e crescer na plataforma, utilizando as tendências de sons e músicas em alta, o que garante sua capacidade de viralização em qualquer época do ano. Poste uma foto sua com essa música aqui e viralize aqui no Tik Tok.\nEu postei um vídeo e com essa música e eu ganhei mais de 4 milhões de visualizações\ne 160 mil seguidores, tudo isso porque essa é a

---

chamada ""Eu tô tentando meu melhor"", que, segundo ela, é a mais tocada no momento e está sendo recomendada pelo próprio TikTok. A mulher compartilha sua experiência pessoal, afirmando que ao usar essa música, ela conseguiu mais de 4 milhões de visualizações e 160 mil seguidores. Ela incentiva os espectadores a postarem uma foto ou vídeo com a música, explicando como encontrá-la e usá-la para alcançar o primeiro vídeo viral, ou até mesmo os requisitos de monetização (10 mil seguidores e 100 mil";11.3;N/A;N/A;22;141;;;
2026-09-02 22:38:41;llama3;Quais são as hashtags mais frequentes associadas aos conteúdos?;"As principais hashtags mais frequentes associadas aos conteúdos são:

* #Futebol (referência ao vídeo que apresenta resultados de jogos de futebol)
* #Apostas (referência ao vídeo que apela para fãs de futebol e apostas esportivas)
* #Carioca (referência ao vídeo que apresenta um ""Dicionário carioca"" com gírias e expressões populares)
* #Humor (referência ao tom de humor presente em vários vídeos)
* #Música (referência à música animada presente no vídeo que apresenta resultados de jogos de futebol)

Essas hashtags são frequentemente utilizadas para categorizar e tornar os conteúdos mais fáceis de serem encontrados e compartilhados.";"no humor e na referência a um tema popular, capturando a atenção com a curiosidade gerada pelo comentário sobreposto e a interação divertida dos apresentadores. A contextualização com a menção aos ""ex bbb's"" sugere que o vídeo pode ter sido postado durante ou logo após uma temporada do programa, geralmente no início do ano. A relevância e capacidade de viralização são altas devido ao engajamento de fãs e à natureza compartilhável do conteúdo. Não tem grupo dos eternes no whatsapp, Milena?\nNão,

---

Uma mão escreve em uma folha pautada a data '02/05/2026' e uma lista de times de futebol brasileiros, marcando resultados com símbolos de 'check' e 'x'. O vídeo apela para fãs de futebol e apostas esportivas, gerando engajamento ao instigar previsões sobre os jogos. A estética interativa e a música animada contribuem para a viralização do conteúdo.

---

para ""ouvir até o final"" e pela exibição progressiva das letras, que incentivam a permanência no vídeo para descobrir a mensagem completa. A ausência de elementos visuais complexos permite que a mensagem textual e a trilha sonora sejam o foco central, facilitando a imersão. \n\nEmbora o vídeo não contenha elementos visuais que o contextualizem com uma época específica do ano, conteúdos com mensagens de reflexão e superação tendem a ser atemporais e podem se tornar virais em qualquer período,

---

Apresentação de um 'Dicionário carioca' com gírias e expressões populares, utilizando uma lousa branca para comparar frases formais com suas versões humorísticas em carioquês. Exemplos incluem substituições de expressões como ""Me ferrei"" por ""Tomei no cu"" e ""Estou com medo"" por ""O cu num passa nem WiFi"". O vídeo utiliza humor descontraído e palavrões para engajar jovens e usuários de redes sociais, destacando a cultura carioca.";13.34;N/A;N/A;95;639;;;
2026-09-02 22:39:00;mistral;Quais são as principais músicas e áudios em alta nos vídeos?;"As principais músicas e áudios em alta nos vídeos no contexto atual são:

1. ""Tá Escrito - Ao Vivo"" de Caetano Veloso e família, que é descrita como o ""hino"" e a ""oração"" de quem compartilha o vídeo.
2. ""Brasil pandeiro"" dos Novos Baianos, mencionada como uma das músicas favoritas que melhoram o humor.
3. Não há informações específicas sobre música ou áudio relacionados ao vídeo que faz referência aos ""ex bbb's"" ou ao vídeo que critica a política e a hipocrisia.

Não foram encontradas informações suficientes sobre outras músicas ou áudios em alta nos vídeos no contexto atual.";"traduzindo o conteúdo lírico. O público-alvo são fãs de música sertaneja, especialmente aqueles que apreciam baladas românticas e apresentações ao vivo. O apelo viral reside na entrega emocional do cantor e nas letras sentimentais, que são facilmente relacionáveis. A qualidade da produção e a energia do palco ajudam a capturar a atenção, incentivando a visualização completa. O conteúdo não tem uma associação sazonal específica, sendo relevante para eventos musicais durante todo o ano. A

---

no humor e na referência a um tema popular, capturando a atenção com a curiosidade gerada pelo comentário sobreposto e a interação divertida dos apresentadores. A contextualização com a menção aos ""ex bbb's"" sugere que o vídeo pode ter sido postado durante ou logo após uma temporada do programa, geralmente no início do ano. A relevância e capacidade de viralização são altas devido ao engajamento de fãs e à natureza compartilhável do conteúdo. Não tem grupo dos eternes no whatsapp, Milena?\nNão,

---

bastante, enquanto compartilha suas quatro músicas favoritas que instantaneamente melhoram seu humor. O vídeo se inicia com o texto sobreposto ""4 músicas que melhoram meu humor instantaneamente"". Para cada música, a capa do álbum e o nome da canção são exibidos brevemente sobre seu rosto. Ela menciona as seguintes músicas: ""Tá Escrito - Ao Vivo"" de Caetano Veloso e família, que ela descreve como seu ""hino"" e sua ""oração"", expressando até ciúmes de compartilhar; ""Brasil pandeiro"" dos Novos

---

o vídeo seja compartilhado. O vídeo não apresenta contexto de tempo do ano, mas o conteúdo é atemporal em sua crítica política. O apelo viral reside na controvérsia das acusações de má gestão de fundos públicos, o uso da cultura para fins políticos e a hipocrisia em relação às pautas identitárias, elementos que ressoam fortemente com um público engajado em debates políticos e sociais. Ceylandia no DF, favela e show de MC Mello de tudo nesse vídeo se prepara que você vai ficar chocado.\nPois é,";11.35;N/A;N/A;99;582;;;
2026-09-02 22:39:10;mistral;Qual é o vídeo com o maior número de visualizações registrado?;"O vídeo com o maior número de visualizações registrado, de acordo com as informações compartilhadas, é o de uma mulher que compartilhou seu sucesso no TikTok, alcançando mais de 4 milhões de visualizações e 160 mil seguidores. Ela usou a música ""Eu tô tentando meu melhor"" e incentivou os espectadores a postarem uma foto ou vídeo com a música para alcançar o primeiro vídeo viral ou até mesmo os requisitos de monetização (10 mil seguidores e 100 mil visualizações).";"no humor e na referência a um tema popular, capturando a atenção com a curiosidade gerada pelo comentário sobreposto e a interação divertida dos apresentadores. A contextualização com a menção aos ""ex bbb's"" sugere que o vídeo pode ter sido postado durante ou logo após uma temporada do programa, geralmente no início do ano. A relevância e capacidade de viralização são altas devido ao engajamento de fãs e à natureza compartilhável do conteúdo. Não tem grupo dos eternes no whatsapp, Milena?\nNão,

---

Comparação de jogadoras de vôlei no formato ""Quem é Melhor?"", onde uma mulher escolhe repetidamente Carol Gattaz em diversas rodadas, exceto na última, quando surpreendentemente opta por Regla Torres. O vídeo utiliza elementos visuais interativos, como banners e marcas de seleção, para engajar o público. O formato dinâmico e a interação incentivam debates entre fãs de vôlei, potencializando o apelo viral.

---

ao compartilhar seu sucesso. O vídeo é altamente relevante para o contexto do TikTok, pois aborda um tema constante de interesse: como viralizar e crescer na plataforma, utilizando as tendências de sons e músicas em alta, o que garante sua capacidade de viralização em qualquer época do ano. Poste uma foto sua com essa música aqui e viralize aqui no Tik Tok.\nEu postei um vídeo e com essa música e eu ganhei mais de 4 milhões de visualizações\ne 160 mil seguidores, tudo isso porque essa é a

---

chamada ""Eu tô tentando meu melhor"", que, segundo ela, é a mais tocada no momento e está sendo recomendada pelo próprio TikTok. A mulher compartilha sua experiência pessoal, afirmando que ao usar essa música, ela conseguiu mais de 4 milhões de visualizações e 160 mil seguidores. Ela incentiva os espectadores a postarem uma foto ou vídeo com a música, explicando como encontrá-la e usá-la para alcançar o primeiro vídeo viral, ou até mesmo os requisitos de monetização (10 mil seguidores e 100 mil";10.3;N/A;N/A;79;467;;;
2026-09-02 22:39:23;mistral;Quais são as hashtags mais frequentes associadas aos conteúdos?;"As hashtags mais frequentes associadas aos conteúdos no contexto atual são:

1. #TikTok: é a hashtag mais comum e geralmente utilizada para categorizar os vídeos no aplicativo.
2. #Brasil: é utilizada para conteúdos que abordam temas relacionados ao país, como futebol, política, cultura e humor.
3. #Futebol: é utilizada para conteúdos que abordam temas relacionados ao esporte, como apostas esportivas e jogos de times brasileiros.
4. #Carioca: é utilizada para conteúdos que abordam temas relacionados à cultura carioca, como gírias e expressões populares.
5. #Viral: é utilizada para conteúdos que são considerados virais ou tendências atuais no TikTok.

Além dessas hashtags, também são frequentes as hashtags relacionadas a músicas e áudios populares no contexto atual, como as mencionadas anteriormente.";"no humor e na referência a um tema popular, capturando a atenção com a curiosidade gerada pelo comentário sobreposto e a interação divertida dos apresentadores. A contextualização com a menção aos ""ex bbb's"" sugere que o vídeo pode ter sido postado durante ou logo após uma temporada do programa, geralmente no início do ano. A relevância e capacidade de viralização são altas devido ao engajamento de fãs e à natureza compartilhável do conteúdo. Não tem grupo dos eternes no whatsapp, Milena?\nNão,

---

Uma mão escreve em uma folha pautada a data '02/05/2026' e uma lista de times de futebol brasileiros, marcando resultados com símbolos de 'check' e 'x'. O vídeo apela para fãs de futebol e apostas esportivas, gerando engajamento ao instigar previsões sobre os jogos. A estética interativa e a música animada contribuem para a viralização do conteúdo.

---

para ""ouvir até o final"" e pela exibição progressiva das letras, que incentivam a permanência no vídeo para descobrir a mensagem completa. A ausência de elementos visuais complexos permite que a mensagem textual e a trilha sonora sejam o foco central, facilitando a imersão. \n\nEmbora o vídeo não contenha elementos visuais que o contextualizem com uma época específica do ano, conteúdos com mensagens de reflexão e superação tendem a ser atemporais e podem se tornar virais em qualquer período,

---

Apresentação de um 'Dicionário carioca' com gírias e expressões populares, utilizando uma lousa branca para comparar frases formais com suas versões humorísticas em carioquês. Exemplos incluem substituições de expressões como ""Me ferrei"" por ""Tomei no cu"" e ""Estou com medo"" por ""O cu num passa nem WiFi"". O vídeo utiliza humor descontraído e palavrões para engajar jovens e usuários de redes sociais, destacando a cultura carioca.";12.38;N/A;N/A;119;810;;;
2026-09-02 22:39:45;gemma:7b;Quais são as principais músicas e áudios em alta nos vídeos?;"Com base no contexto recuperado dos vídeos, as principais músicas e áudios em alta são:

* **""Tá Escrito - Ao Vivo""** de Caetano Veloso e família - essa música é descrita como o ""hino"" e a ""oração"" da criadora.
* **""Brasil pandeiro""** dos Novos tempos - essa música é tema de discussão e crítica política no vídeo.";"traduzindo o conteúdo lírico. O público-alvo são fãs de música sertaneja, especialmente aqueles que apreciam baladas românticas e apresentações ao vivo. O apelo viral reside na entrega emocional do cantor e nas letras sentimentais, que são facilmente relacionáveis. A qualidade da produção e a energia do palco ajudam a capturar a atenção, incentivando a visualização completa. O conteúdo não tem uma associação sazonal específica, sendo relevante para eventos musicais durante todo o ano. A

---

no humor e na referência a um tema popular, capturando a atenção com a curiosidade gerada pelo comentário sobreposto e a interação divertida dos apresentadores. A contextualização com a menção aos ""ex bbb's"" sugere que o vídeo pode ter sido postado durante ou logo após uma temporada do programa, geralmente no início do ano. A relevância e capacidade de viralização são altas devido ao engajamento de fãs e à natureza compartilhável do conteúdo. Não tem grupo dos eternes no whatsapp, Milena?\nNão,

---

bastante, enquanto compartilha suas quatro músicas favoritas que instantaneamente melhoram seu humor. O vídeo se inicia com o texto sobreposto ""4 músicas que melhoram meu humor instantaneamente"". Para cada música, a capa do álbum e o nome da canção são exibidos brevemente sobre seu rosto. Ela menciona as seguintes músicas: ""Tá Escrito - Ao Vivo"" de Caetano Veloso e família, que ela descreve como seu ""hino"" e sua ""oração"", expressando até ciúmes de compartilhar; ""Brasil pandeiro"" dos Novos

---

o vídeo seja compartilhado. O vídeo não apresenta contexto de tempo do ano, mas o conteúdo é atemporal em sua crítica política. O apelo viral reside na controvérsia das acusações de má gestão de fundos públicos, o uso da cultura para fins políticos e a hipocrisia em relação às pautas identitárias, elementos que ressoam fortemente com um público engajado em debates políticos e sociais. Ceylandia no DF, favela e show de MC Mello de tudo nesse vídeo se prepara que você vai ficar chocado.\nPois é,";14.58;N/A;N/A;57;314;;;
2026-09-02 22:40:00;gemma:7b;Qual é o vídeo com o maior número de visualizações registrado?;"Erro: Ollama call failed with status code 500. Details: {""error"":""llama-server process has terminated: exit status 0xc0000409: The system detected an overrun of a stack-based buffer in this application. This overrun could potentially allow a malicious user to gain control of this application.: CUDA error: shared object initialization failed""}";"no humor e na referência a um tema popular, capturando a atenção com a curiosidade gerada pelo comentário sobreposto e a interação divertida dos apresentadores. A contextualização com a menção aos ""ex bbb's"" sugere que o vídeo pode ter sido postado durante ou logo após uma temporada do programa, geralmente no início do ano. A relevância e capacidade de viralização são altas devido ao engajamento de fãs e à natureza compartilhável do conteúdo. Não tem grupo dos eternes no whatsapp, Milena?\nNão,

---

Comparação de jogadoras de vôlei no formato ""Quem é Melhor?"", onde uma mulher escolhe repetidamente Carol Gattaz em diversas rodadas, exceto na última, quando surpreendentemente opta por Regla Torres. O vídeo utiliza elementos visuais interativos, como banners e marcas de seleção, para engajar o público. O formato dinâmico e a interação incentivam debates entre fãs de vôlei, potencializando o apelo viral.

---

ao compartilhar seu sucesso. O vídeo é altamente relevante para o contexto do TikTok, pois aborda um tema constante de interesse: como viralizar e crescer na plataforma, utilizando as tendências de sons e músicas em alta, o que garante sua capacidade de viralização em qualquer época do ano. Poste uma foto sua com essa música aqui e viralize aqui no Tik Tok.\nEu postei um vídeo e com essa música e eu ganhei mais de 4 milhões de visualizações\ne 160 mil seguidores, tudo isso porque essa é a

---

chamada ""Eu tô tentando meu melhor"", que, segundo ela, é a mais tocada no momento e está sendo recomendada pelo próprio TikTok. A mulher compartilha sua experiência pessoal, afirmando que ao usar essa música, ela conseguiu mais de 4 milhões de visualizações e 160 mil seguidores. Ela incentiva os espectadores a postarem uma foto ou vídeo com a música, explicando como encontrá-la e usá-la para alcançar o primeiro vídeo viral, ou até mesmo os requisitos de monetização (10 mil seguidores e 100 mil";0.0;N/A;N/A;48;344;;;
2026-09-02 22:40:13;gemma:7b;Quais são as hashtags mais frequentes associadas aos conteúdos?;A resposta fornecida não contém informações sobre hashtags mais frequentes associados aos conteúdos do TikTok. Portanto, não posso responder essa pergunta a partir do contexto fornecido.;"no humor e na referência a um tema popular, capturando a atenção com a curiosidade gerada pelo comentário sobreposto e a interação divertida dos apresentadores. A contextualização com a menção aos ""ex bbb's"" sugere que o vídeo pode ter sido postado durante ou logo após uma temporada do programa, geralmente no início do ano. A relevância e capacidade de viralização são altas devido ao engajamento de fãs e à natureza compartilhável do conteúdo. Não tem grupo dos eternes no whatsapp, Milena?\nNão,

---

Uma mão escreve em uma folha pautada a data '02/05/2026' e uma lista de times de futebol brasileiros, marcando resultados com símbolos de 'check' e 'x'. O vídeo apela para fãs de futebol e apostas esportivas, gerando engajamento ao instigar previsões sobre os jogos. A estética interativa e a música animada contribuem para a viralização do conteúdo.

---

para ""ouvir até o final"" e pela exibição progressiva das letras, que incentivam a permanência no vídeo para descobrir a mensagem completa. A ausência de elementos visuais complexos permite que a mensagem textual e a trilha sonora sejam o foco central, facilitando a imersão. \n\nEmbora o vídeo não contenha elementos visuais que o contextualizem com uma época específica do ano, conteúdos com mensagens de reflexão e superação tendem a ser atemporais e podem se tornar virais em qualquer período,

---

Apresentação de um 'Dicionário carioca' com gírias e expressões populares, utilizando uma lousa branca para comparar frases formais com suas versões humorísticas em carioquês. Exemplos incluem substituições de expressões como ""Me ferrei"" por ""Tomei no cu"" e ""Estou com medo"" por ""O cu num passa nem WiFi"". O vídeo utiliza humor descontraído e palavrões para engajar jovens e usuários de redes sociais, destacando a cultura carioca.";12.51;N/A;N/A;26;186;;;
2026-09-02 22:47:21;llama3;Quais são as principais músicas e áudios em alta nos vídeos?;"As principais músicas e áudios em alta nos vídeos são:

* ""Tá Escrito - Ao Vivo"" de Caetano Veloso e família
* ""Brasil pandeiro"" dos Novos Baileiros
* Músicas que melhoram o humor, não especificadas, mas com referências a Caetano Veloso e MC Mello

Essas músicas e áudios são frequentemente mencionadas e utilizadas nos vídeos, especialmente em contextos de apresentações ao vivo e críticas políticas.";"traduzindo o conteúdo lírico. O público-alvo são fãs de música sertaneja, especialmente aqueles que apreciam baladas românticas e apresentações ao vivo. O apelo viral reside na entrega emocional do cantor e nas letras sentimentais, que são facilmente relacionáveis. A qualidade da produção e a energia do palco ajudam a capturar a atenção, incentivando a visualização completa. O conteúdo não tem uma associação sazonal específica, sendo relevante para eventos musicais durante todo o ano. A

---

no humor e na referência a um tema popular, capturando a atenção com a curiosidade gerada pelo comentário sobreposto e a interação divertida dos apresentadores. A contextualização com a menção aos ""ex bbb's"" sugere que o vídeo pode ter sido postado durante ou logo após uma temporada do programa, geralmente no início do ano. A relevância e capacidade de viralização são altas devido ao engajamento de fãs e à natureza compartilhável do conteúdo. Não tem grupo dos eternes no whatsapp, Milena?\nNão,

---

bastante, enquanto compartilha suas quatro músicas favoritas que instantaneamente melhoram seu humor. O vídeo se inicia com o texto sobreposto ""4 músicas que melhoram meu humor instantaneamente"". Para cada música, a capa do álbum e o nome da canção são exibidos brevemente sobre seu rosto. Ela menciona as seguintes músicas: ""Tá Escrito - Ao Vivo"" de Caetano Veloso e família, que ela descreve como seu ""hino"" e sua ""oração"", expressando até ciúmes de compartilhar; ""Brasil pandeiro"" dos Novos

---

o vídeo seja compartilhado. O vídeo não apresenta contexto de tempo do ano, mas o conteúdo é atemporal em sua crítica política. O apelo viral reside na controvérsia das acusações de má gestão de fundos públicos, o uso da cultura para fins políticos e a hipocrisia em relação às pautas identitárias, elementos que ressoam fortemente com um público engajado em debates políticos e sociais. Ceylandia no DF, favela e show de MC Mello de tudo nesse vídeo se prepara que você vai ficar chocado.\nPois é,";12.76;12.37;1.36;65;401;;;
2026-09-02 22:47:38;llama3;Qual é o vídeo com o maior número de visualizações registrado?;O vídeo com o maior número de visualizações registrado é o compartilhado pela mulher, que alcançou mais de 4 milhões de visualizações.;"no humor e na referência a um tema popular, capturando a atenção com a curiosidade gerada pelo comentário sobreposto e a interação divertida dos apresentadores. A contextualização com a menção aos ""ex bbb's"" sugere que o vídeo pode ter sido postado durante ou logo após uma temporada do programa, geralmente no início do ano. A relevância e capacidade de viralização são altas devido ao engajamento de fãs e à natureza compartilhável do conteúdo. Não tem grupo dos eternes no whatsapp, Milena?\nNão,

---

Comparação de jogadoras de vôlei no formato ""Quem é Melhor?"", onde uma mulher escolhe repetidamente Carol Gattaz em diversas rodadas, exceto na última, quando surpreendentemente opta por Regla Torres. O vídeo utiliza elementos visuais interativos, como banners e marcas de seleção, para engajar o público. O formato dinâmico e a interação incentivam debates entre fãs de vôlei, potencializando o apelo viral.

---

ao compartilhar seu sucesso. O vídeo é altamente relevante para o contexto do TikTok, pois aborda um tema constante de interesse: como viralizar e crescer na plataforma, utilizando as tendências de sons e músicas em alta, o que garante sua capacidade de viralização em qualquer época do ano. Poste uma foto sua com essa música aqui e viralize aqui no Tik Tok.\nEu postei um vídeo e com essa música e eu ganhei mais de 4 milhões de visualizações\ne 160 mil seguidores, tudo isso porque essa é a

---

chamada ""Eu tô tentando meu melhor"", que, segundo ela, é a mais tocada no momento e está sendo recomendada pelo próprio TikTok. A mulher compartilha sua experiência pessoal, afirmando que ao usar essa música, ela conseguiu mais de 4 milhões de visualizações e 160 mil seguidores. Ela incentiva os espectadores a postarem uma foto ou vídeo com a música, explicando como encontrá-la e usá-la para alcançar o primeiro vídeo viral, ou até mesmo os requisitos de monetização (10 mil seguidores e 100 mil";17.22;12.35;1.36;22;134;;;
2026-09-02 22:47:53;llama3;Quais são as hashtags mais frequentes associadas aos conteúdos?;"As principais hashtags associadas aos conteúdos são:

* #TikTok
* #Futebol
* #Apostas
* #Carioca
* #Gírias
* #Expressões
* #Humor
* #Música

Essas hashtags são frequentemente utilizadas para categorizar e promover conteúdos relacionados a esportes, humor, cultura carioca e entretenimento.";"no humor e na referência a um tema popular, capturando a atenção com a curiosidade gerada pelo comentário sobreposto e a interação divertida dos apresentadores. A contextualização com a menção aos ""ex bbb's"" sugere que o vídeo pode ter sido postado durante ou logo após uma temporada do programa, geralmente no início do ano. A relevância e capacidade de viralização são altas devido ao engajamento de fãs e à natureza compartilhável do conteúdo. Não tem grupo dos eternes no whatsapp, Milena?\nNão,

---

Uma mão escreve em uma folha pautada a data '02/05/2026' e uma lista de times de futebol brasileiros, marcando resultados com símbolos de 'check' e 'x'. O vídeo apela para fãs de futebol e apostas esportivas, gerando engajamento ao instigar previsões sobre os jogos. A estética interativa e a música animada contribuem para a viralização do conteúdo.

---

para ""ouvir até o final"" e pela exibição progressiva das letras, que incentivam a permanência no vídeo para descobrir a mensagem completa. A ausência de elementos visuais complexos permite que a mensagem textual e a trilha sonora sejam o foco central, facilitando a imersão. \n\nEmbora o vídeo não contenha elementos visuais que o contextualizem com uma época específica do ano, conteúdos com mensagens de reflexão e superação tendem a ser atemporais e podem se tornar virais em qualquer período,

---

Apresentação de um 'Dicionário carioca' com gírias e expressões populares, utilizando uma lousa branca para comparar frases formais com suas versões humorísticas em carioquês. Exemplos incluem substituições de expressões como ""Me ferrei"" por ""Tomei no cu"" e ""Estou com medo"" por ""O cu num passa nem WiFi"". O vídeo utiliza humor descontraído e palavrões para engajar jovens e usuários de redes sociais, destacando a cultura carioca.";14.62;12.34;1.36;41;289;;;
2026-09-02 22:48:16;mistral;Quais são as principais músicas e áudios em alta nos vídeos?;"As principais músicas e áudios em alta nos vídeos, com base no contexto recuperado dos vídeos, são:

1. Músicas sertanejas românticas e baladas, especialmente aqueles apresentados ao vivo, como o caso de ""Tá Escrito - Ao Vivo"" de Caetano Veloso e família, que foi mencionada como ""hino"" e ""oração"" pela uma criadora.

2. ""Brasil pandeiro"" dos Novos Baianos, que também foi mencionada em um vídeo.

3. Não há indicação de áudio específico no vídeo que faz referência aos ""ex bbb's"", mas o conteúdo é humorístico e referencial, capturando a atenção com a curiosidade gerada pelo comentário sobreposto e a interação divertida dos apresentadores.

4. O vídeo que critica a política e a hipocrisia em relação às pautas identitárias não apresenta música específica, mas o conteúdo é atemporal e controversal, ressonando fortemente com um público engajado em debates políticos e sociais.

5. Em um vídeo que compartilha quatro músicas favoritas que melhoram o humor, a capa do álbum e o nome da canção são exibidos brevemente sobre o rosto da criadora, mas não há indicação de nomes específicos além de ""Tá Escrito - Ao Vivo"" de Caetano Veloso e família e ""Brasil pandeiro"" dos Novos Baianos.

Não foram encontradas informações suficientes sobre outros áudios em alta nos vídeos.";"traduzindo o conteúdo lírico. O público-alvo são fãs de música sertaneja, especialmente aqueles que apreciam baladas românticas e apresentações ao vivo. O apelo viral reside na entrega emocional do cantor e nas letras sentimentais, que são facilmente relacionáveis. A qualidade da produção e a energia do palco ajudam a capturar a atenção, incentivando a visualização completa. O conteúdo não tem uma associação sazonal específica, sendo relevante para eventos musicais durante todo o ano. A

---

no humor e na referência a um tema popular, capturando a atenção com a curiosidade gerada pelo comentário sobreposto e a interação divertida dos apresentadores. A contextualização com a menção aos ""ex bbb's"" sugere que o vídeo pode ter sido postado durante ou logo após uma temporada do programa, geralmente no início do ano. A relevância e capacidade de viralização são altas devido ao engajamento de fãs e à natureza compartilhável do conteúdo. Não tem grupo dos eternes no whatsapp, Milena?\nNão,

---

bastante, enquanto compartilha suas quatro músicas favoritas que instantaneamente melhoram seu humor. O vídeo se inicia com o texto sobreposto ""4 músicas que melhoram meu humor instantaneamente"". Para cada música, a capa do álbum e o nome da canção são exibidos brevemente sobre seu rosto. Ela menciona as seguintes músicas: ""Tá Escrito - Ao Vivo"" de Caetano Veloso e família, que ela descreve como seu ""hino"" e sua ""oração"", expressando até ciúmes de compartilhar; ""Brasil pandeiro"" dos Novos

---

o vídeo seja compartilhado. O vídeo não apresenta contexto de tempo do ano, mas o conteúdo é atemporal em sua crítica política. O apelo viral reside na controvérsia das acusações de má gestão de fundos públicos, o uso da cultura para fins políticos e a hipocrisia em relação às pautas identitárias, elementos que ressoam fortemente com um público engajado em debates políticos e sociais. Ceylandia no DF, favela e show de MC Mello de tudo nesse vídeo se prepara que você vai ficar chocado.\nPois é,";15.32;12.13;1.35;207;1272;;;
2026-09-02 22:48:25;mistral;Qual é o vídeo com o maior número de visualizações registrado?;"O vídeo com o maior número de visualizações registrado, com base no contexto recuperado dos vídeos, é o vídeo que compartilha o sucesso de uma pessoa, que afirma ter conseguido mais de 4 milhões de visualizações e 160 mil seguidores ao usar a música ""Eu tô tentando meu melhor"".";"no humor e na referência a um tema popular, capturando a atenção com a curiosidade gerada pelo comentário sobreposto e a interação divertida dos apresentadores. A contextualização com a menção aos ""ex bbb's"" sugere que o vídeo pode ter sido postado durante ou logo após uma temporada do programa, geralmente no início do ano. A relevância e capacidade de viralização são altas devido ao engajamento de fãs e à natureza compartilhável do conteúdo. Não tem grupo dos eternes no whatsapp, Milena?\nNão,

---

Comparação de jogadoras de vôlei no formato ""Quem é Melhor?"", onde uma mulher escolhe repetidamente Carol Gattaz em diversas rodadas, exceto na última, quando surpreendentemente opta por Regla Torres. O vídeo utiliza elementos visuais interativos, como banners e marcas de seleção, para engajar o público. O formato dinâmico e a interação incentivam debates entre fãs de vôlei, potencializando o apelo viral.

---

ao compartilhar seu sucesso. O vídeo é altamente relevante para o contexto do TikTok, pois aborda um tema constante de interesse: como viralizar e crescer na plataforma, utilizando as tendências de sons e músicas em alta, o que garante sua capacidade de viralização em qualquer época do ano. Poste uma foto sua com essa música aqui e viralize aqui no Tik Tok.\nEu postei um vídeo e com essa música e eu ganhei mais de 4 milhões de visualizações\ne 160 mil seguidores, tudo isso porque essa é a

---

chamada ""Eu tô tentando meu melhor"", que, segundo ela, é a mais tocada no momento e está sendo recomendada pelo próprio TikTok. A mulher compartilha sua experiência pessoal, afirmando que ao usar essa música, ela conseguiu mais de 4 milhões de visualizações e 160 mil seguidores. Ela incentiva os espectadores a postarem uma foto ou vídeo com a música, explicando como encontrá-la e usá-la para alcançar o primeiro vídeo viral, ou até mesmo os requisitos de monetização (10 mil seguidores e 100 mil";9.15;12.12;1.35;49;278;;;
2026-09-02 22:48:40;mistral;Quais são as hashtags mais frequentes associadas aos conteúdos?;"As hashtags mais frequentes associadas aos conteúdos, com base no contexto recuperado dos vídeos, são:

1. #futebol: Aparece em vídeos que fazem previsões sobre jogos de futebol e apostas esportivas.

2. #humor: Utilizada em vídeos que contêm humor, referências e interações divertidas.

3. #carioquês: Presente em vídeos que apresentam um dicionário carioca com gírias e expressões populares.

4. #politica: Utilizada em vídeos que criticam a política e a hipocrisia em relação às pautas identitárias.

5. #musica: Aparece em vídeos que compartilham músicas favoritas ou que utilizam música como fundo sonoro.

6. #exbbb: Mencionada em vídeos humorísticos e referenciais, sem indicação de uma hashtag específica.

7. #reflexão: Utilizada em vídeos que contêm mensagens de reflexão e superação.

8. #apostas: Aparece em vídeos que fazem previsões sobre jogos de futebol e apostas esportivas.

9. #viral: Utilizada em vídeos que têm potencial para viralizar.

10. #bbb: Mencionada em vídeos humorísticos e referenciais, sem indicação de uma hashtag específica.";"no humor e na referência a um tema popular, capturando a atenção com a curiosidade gerada pelo comentário sobreposto e a interação divertida dos apresentadores. A contextualização com a menção aos ""ex bbb's"" sugere que o vídeo pode ter sido postado durante ou logo após uma temporada do programa, geralmente no início do ano. A relevância e capacidade de viralização são altas devido ao engajamento de fãs e à natureza compartilhável do conteúdo. Não tem grupo dos eternes no whatsapp, Milena?\nNão,

---

Uma mão escreve em uma folha pautada a data '02/05/2026' e uma lista de times de futebol brasileiros, marcando resultados com símbolos de 'check' e 'x'. O vídeo apela para fãs de futebol e apostas esportivas, gerando engajamento ao instigar previsões sobre os jogos. A estética interativa e a música animada contribuem para a viralização do conteúdo.

---

para ""ouvir até o final"" e pela exibição progressiva das letras, que incentivam a permanência no vídeo para descobrir a mensagem completa. A ausência de elementos visuais complexos permite que a mensagem textual e a trilha sonora sejam o foco central, facilitando a imersão. \n\nEmbora o vídeo não contenha elementos visuais que o contextualizem com uma época específica do ano, conteúdos com mensagens de reflexão e superação tendem a ser atemporais e podem se tornar virais em qualquer período,

---

Apresentação de um 'Dicionário carioca' com gírias e expressões populares, utilizando uma lousa branca para comparar frases formais com suas versões humorísticas em carioquês. Exemplos incluem substituições de expressões como ""Me ferrei"" por ""Tomei no cu"" e ""Estou com medo"" por ""O cu num passa nem WiFi"". O vídeo utiliza humor descontraído e palavrões para engajar jovens e usuários de redes sociais, destacando a cultura carioca.";14.58;12.05;1.36;155;1059;;;
2026-09-02 22:49:01;gemma:7b;Quais são as principais músicas e áudios em alta nos vídeos?;"Com base no contexto recuperado dos vídeos, as principais músicas e áudios em alta são:

* **""Tá Escrito - Ao Vivo""** de Caetano Veloso e família;
* **""Brasil pandeiro""** dos Novos Biographie;
* **""Música sem título""** de Nego Mariano;
* **""Que horas são essas""** de Nego Mariano.";"traduzindo o conteúdo lírico. O público-alvo são fãs de música sertaneja, especialmente aqueles que apreciam baladas românticas e apresentações ao vivo. O apelo viral reside na entrega emocional do cantor e nas letras sentimentais, que são facilmente relacionáveis. A qualidade da produção e a energia do palco ajudam a capturar a atenção, incentivando a visualização completa. O conteúdo não tem uma associação sazonal específica, sendo relevante para eventos musicais durante todo o ano. A

---

no humor e na referência a um tema popular, capturando a atenção com a curiosidade gerada pelo comentário sobreposto e a interação divertida dos apresentadores. A contextualização com a menção aos ""ex bbb's"" sugere que o vídeo pode ter sido postado durante ou logo após uma temporada do programa, geralmente no início do ano. A relevância e capacidade de viralização são altas devido ao engajamento de fãs e à natureza compartilhável do conteúdo. Não tem grupo dos eternes no whatsapp, Milena?\nNão,

---

bastante, enquanto compartilha suas quatro músicas favoritas que instantaneamente melhoram seu humor. O vídeo se inicia com o texto sobreposto ""4 músicas que melhoram meu humor instantaneamente"". Para cada música, a capa do álbum e o nome da canção são exibidos brevemente sobre seu rosto. Ela menciona as seguintes músicas: ""Tá Escrito - Ao Vivo"" de Caetano Veloso e família, que ela descreve como seu ""hino"" e sua ""oração"", expressando até ciúmes de compartilhar; ""Brasil pandeiro"" dos Novos

---

o vídeo seja compartilhado. O vídeo não apresenta contexto de tempo do ano, mas o conteúdo é atemporal em sua crítica política. O apelo viral reside na controvérsia das acusações de má gestão de fundos públicos, o uso da cultura para fins políticos e a hipocrisia em relação às pautas identitárias, elementos que ressoam fortemente com um público engajado em debates políticos e sociais. Ceylandia no DF, favela e show de MC Mello de tudo nesse vídeo se prepara que você vai ficar chocado.\nPois é,";14.34;13.35;1.36;47;280;;;
2026-09-02 22:49:14;gemma:7b;Qual é o vídeo com o maior número de visualizações registrado?;A resposta fornecida não contém informações sobre o vídeo com o maior número de visualizações registrado, portanto, não posso responder essa pergunta a partir do contexto fornecido.;"no humor e na referência a um tema popular, capturando a atenção com a curiosidade gerada pelo comentário sobreposto e a interação divertida dos apresentadores. A contextualização com a menção aos ""ex bbb's"" sugere que o vídeo pode ter sido postado durante ou logo após uma temporada do programa, geralmente no início do ano. A relevância e capacidade de viralização são altas devido ao engajamento de fãs e à natureza compartilhável do conteúdo. Não tem grupo dos eternes no whatsapp, Milena?\nNão,

---

Comparação de jogadoras de vôlei no formato ""Quem é Melhor?"", onde uma mulher escolhe repetidamente Carol Gattaz em diversas rodadas, exceto na última, quando surpreendentemente opta por Regla Torres. O vídeo utiliza elementos visuais interativos, como banners e marcas de seleção, para engajar o público. O formato dinâmico e a interação incentivam debates entre fãs de vôlei, potencializando o apelo viral.

---

ao compartilhar seu sucesso. O vídeo é altamente relevante para o contexto do TikTok, pois aborda um tema constante de interesse: como viralizar e crescer na plataforma, utilizando as tendências de sons e músicas em alta, o que garante sua capacidade de viralização em qualquer época do ano. Poste uma foto sua com essa música aqui e viralize aqui no Tik Tok.\nEu postei um vídeo e com essa música e eu ganhei mais de 4 milhões de visualizações\ne 160 mil seguidores, tudo isso porque essa é a

---

chamada ""Eu tô tentando meu melhor"", que, segundo ela, é a mais tocada no momento e está sendo recomendada pelo próprio TikTok. A mulher compartilha sua experiência pessoal, afirmando que ao usar essa música, ela conseguiu mais de 4 milhões de visualizações e 160 mil seguidores. Ela incentiva os espectadores a postarem uma foto ou vídeo com a música, explicando como encontrá-la e usá-la para alcançar o primeiro vídeo viral, ou até mesmo os requisitos de monetização (10 mil seguidores e 100 mil";12.33;13.33;1.36;27;181;;;
2026-09-02 22:49:26;gemma:7b;Quais são as hashtags mais frequentes associadas aos conteúdos?;A resposta fornecida não contém informações sobre as hashtags mais frequentes associadas aos conteúdos, portanto, não posso responder essa pergunta a partir do contexto fornecido.;"no humor e na referência a um tema popular, capturando a atenção com a curiosidade gerada pelo comentário sobreposto e a interação divertida dos apresentadores. A contextualização com a menção aos ""ex bbb's"" sugere que o vídeo pode ter sido postado durante ou logo após uma temporada do programa, geralmente no início do ano. A relevância e capacidade de viralização são altas devido ao engajamento de fãs e à natureza compartilhável do conteúdo. Não tem grupo dos eternes no whatsapp, Milena?\nNão,

---

Uma mão escreve em uma folha pautada a data '02/05/2026' e uma lista de times de futebol brasileiros, marcando resultados com símbolos de 'check' e 'x'. O vídeo apela para fãs de futebol e apostas esportivas, gerando engajamento ao instigar previsões sobre os jogos. A estética interativa e a música animada contribuem para a viralização do conteúdo.

---

para ""ouvir até o final"" e pela exibição progressiva das letras, que incentivam a permanência no vídeo para descobrir a mensagem completa. A ausência de elementos visuais complexos permite que a mensagem textual e a trilha sonora sejam o foco central, facilitando a imersão. \n\nEmbora o vídeo não contenha elementos visuais que o contextualizem com uma época específica do ano, conteúdos com mensagens de reflexão e superação tendem a ser atemporais e podem se tornar virais em qualquer período,

---

Apresentação de um 'Dicionário carioca' com gírias e expressões populares, utilizando uma lousa branca para comparar frases formais com suas versões humorísticas em carioquês. Exemplos incluem substituições de expressões como ""Me ferrei"" por ""Tomei no cu"" e ""Estou com medo"" por ""O cu num passa nem WiFi"". O vídeo utiliza humor descontraído e palavrões para engajar jovens e usuários de redes sociais, destacando a cultura carioca.";12.3;13.3;1.36;25;179;;;
